gamma_n,final_KE,runtime_s
5,0.0308039,0.696256
20,1.11758,0.86226
50,0.0920736,0.684333
100,0.132515,1.04716
200,3.17797e-28,0.722894
