gamma_n,final_KE,com_z,runtime_s
5,3.42873,0.711969,0.0993086
20,2.16456,0.711896,0.118212
50,1.3544,0.706832,0.0955286
100,1.37946,0.710516,0.0995746
