id,x,y,z,vx,vy,vz,radius,mass
0,0.5,0.5,0.83339996940345,0,0,0.57244408599369,0.04,0.67020643276582
