id,x,y,z,vx,vy,vz,radius,mass
0,0.5,0.5,0.68566674641876,0,0,1.6588111560033,0.04,0.67020643276582
