id,x,y,z,vx,vy,vz,radius,mass
0,0.5,0.5,0.8877252375,0,0,-0.4905,0.04,0.67020643276582
