id,x,y,z,vx,vy,vz,radius,mass
0,0.5,0.5,0.7849753090567,0,0,1.3277126029459,0.04,0.67020643276582
