id,x,y,z,vx,vy,vz,radius,mass
0,0.5,0.5,0.8088672948025,0,0,-0.89905591400627,0.04,0.67020643276582
