id,x,y,z,vx,vy,vz,radius,mass
0,0.5,0.5,0.59047595111859,0,0,2.1493111560034,0.04,0.67020643276582
