id,x,y,z,vx,vy,vz,radius,mass
0,0.5,0.5,0.64872638258779,0,0,-2.1057873970539,0.04,0.67020643276582
