id,x,y,z,vx,vy,vz,radius,mass
0,0.5,0.5,0.6372076440044,0,0,2.0439440859936,0.04,0.67020643276582
