id,x,y,z,vx,vy,vz,radius,mass
0,0.5,0.5,0.85426877964589,0,0,-0.63428739705402,0.04,0.67020643276582
