id,x,y,z,vx,vy,vz,radius,mass
0,0.5,0.5,0.81027964729319,0,0,-1.124787397054,0.04,0.67020643276582
