id,x,y,z,vx,vy,vz,radius,mass
0,0.5,0.5,0.034802455240637,0,0,0.25885677819562,0.04,0.67020643276582
