id,x,y,z,vx,vy,vz,radius,mass
0,0.5,0.5,0.82117992761944,0,0,-0.30318884399655,0.04,0.67020643276582
