id,x,y,z,vx,vy,vz,radius,mass
0,0.5,0.5,0.27747950380092,0,0,-3.3515559140066,0.04,0.67020643276582
