id,x,y,z,vx,vy,vz,radius,mass
0,0.5,0.5,0.83908617670399,0,0,0.83721260294594,0.04,0.67020643276582
