id,x,y,z,vx,vy,vz,radius,mass
0,0.5,0.5,0.8024733370191,0,0,0.67781115600344,0.04,0.67020643276582
