id,x,y,z,vx,vy,vz,radius,mass
0,0.5,0.5,0.75633254171893,0,0,1.1683111560034,0.04,0.67020643276582
