id,x,y,z,vx,vy,vz,radius,mass
0,0.5,0.5,0.74176551494049,0,0,-1.6152873970539,0.04,0.67020643276582
