id,x,y,z,vx,vy,vz,radius,mass
0,0.5,0.5,0.53116225023509,0,0,-2.5962873970541,0.04,0.67020643276582
