id,x,y,z,vx,vy,vz,radius,mass
0,0.5,0.5,0.15775356521805,0,0,3.6208111560039,0.04,0.67020643276582
