id,x,y,z,vx,vy,vz,radius,mass
0,0.5,0.5,0.84974741120313,0,0,0.081944085993696,0.04,0.67020643276582
