id,x,y,z,vx,vy,vz,radius,mass
0,0.5,0.5,0.52276020220472,0,0,2.5344440859937,0.04,0.67020643276582
