id,x,y,z,vx,vy,vz,radius,mass
0,0.5,0.5,0.56360962020157,0,0,-2.3705559140063,0.04,0.67020643276582
