id,x,y,z,vx,vy,vz,radius,mass
0,0.5,0.5,0.38907311788238,0,0,-3.0867873970543,0.04,0.67020643276582
