id,x,y,z,vx,vy,vz,radius,mass
0,0.5,0.5,0.14654597082018,0,0,3.7802126029464,0.04,0.67020643276582
