id,x,y,z,vx,vy,vz,radius,mass
0,0.5,0.5,0.22029031860533,0,0,3.5154440859941,0.04,0.67020643276582
