id,x,y,z,vx,vy,vz,radius,mass
0,0.5,0.5,0.38378776040503,0,0,3.0249440859939,0.04,0.67020643276582
