id,x,y,z,vx,vy,vz,radius,mass
0,0.5,0.5,0.79252752760376,0,0,1.0629440859936,0.04,0.67020643276582
