id,x,y,z,vx,vy,vz,radius,mass
0,0.5,0.5,0.3232818384675,0,0,3.2897126029463,0.04,0.67020643276582
