id,x,y,z,vx,vy,vz,radius,mass
0,0.5,0.5,0.84156985300282,0,0,-0.40855591400631,0.04,0.67020643276582
