id,x,y,z,vx,vy,vz,radius,mass
0,0.5,0.5,0.66988717840188,0,0,-1.8800559140062,0.04,0.67020643276582
