id,x,y,z,vx,vy,vz,radius,mass
0,0.5,0.5,0.22245898552967,0,0,-3.5772873970544,0.04,0.67020643276582
