id,x,y,z,vx,vy,vz,radius,mass
0,0.5,0.5,0.32651936051824,0,0,3.1303111560037,0.04,0.67020643276582
