id,x,y,z,vx,vy,vz,radius,mass
0,0.5,0.5,0.59337618750001,0,0,-2.4525,0.04,0.67020643276582
