id,x,y,z,vx,vy,vz,radius,mass
0,0.5,0.5,0.47549270611481,0,0,2.7992126029461,0.04,0.67020643276582
