id,x,y,z,vx,vy,vz,radius,mass
0,0.5,0.5,0.72713008580408,0,0,1.5534440859936,0.04,0.67020643276582
