id,x,y,z,vx,vy,vz,radius,mass
0,0.5,0.5,0.43280706200125,0,0,-2.8610559140065,0.04,0.67020643276582
