id,x,y,z,vx,vy,vz,radius,mass
0,0.5,0.5,0.7063394414094,0,0,1.8182126029458,0.04,0.67020643276582
