id,x,y,z,vx,vy,vz,radius,mass
0,0.5,0.5,0.87373291199859,0,0,-0.14378739705403,0.04,0.67020643276582
