id,x,y,z,vx,vy,vz,radius,mass
0,0.5,0.5,0.82408913231927,0,0,0.18731115600346,0.04,0.67020643276582
