id,x,y,z,vx,vy,vz,radius,mass
0,0.5,0.5,0.86867204435129,0,0,0.34671260294597,0.04,0.67020643276582
