id,x,y,z,vx,vy,vz,radius,mass
0,0.90000000000012,0.42499999999996,0.94999999999997,0.8,-0.35,0.5,0.03,0.28274333882308
