id,x,y,z,vx,vy,vz,radius,mass
0,0.66000000000005,0.52999999999999,0.79999999999999,0.8,-0.35,0.5,0.03,0.28274333882308
