id,x,y,z,vx,vy,vz,radius,mass
0,0.8200000000001,0.45999999999997,0.89999999999998,0.8,-0.35,0.5,0.03,0.28274333882308
