id,x,y,z,vx,vy,vz,radius,mass
0,0.58000000000002,0.56499999999999,0.74999999999999,0.8,-0.35,0.5,0.03,0.28274333882308
