id,x,y,z,vx,vy,vz,radius,mass
0,0.74000000000007,0.49499999999998,0.84999999999998,0.8,-0.35,0.5,0.03,0.28274333882308
