id,x,y,z,vx,vy,vz,radius,mass
0,0.5,0.5,0.12770247562612,0,0,3.0886588387368,0.04,0.67020643276582
