id,x,y,z,vx,vy,vz,radius,mass
0,0.5,0.5,0.18570000546038,0,0,0.65668740842053,0.04,0.67020643276582
