id,x,y,z,vx,vy,vz,radius,mass
0,0.5,0.5,0.24462747709375,0,0,0.98484891587691,0.04,0.67020643276582
