id,x,y,z,vx,vy,vz,radius,mass
0,0.5,0.5,0.41370023813169,0,0,0.39094484006994,0.04,0.67020643276582
