id,x,y,z,vx,vy,vz,radius,mass
0,0.5,0.5,0.28195552697529,0,0,-0.48665108412305,0.04,0.67020643276582
