id,x,y,z,vx,vy,vz,radius,mass
0,0.5,0.5,0.44565926999438,0,0,-1.8163411612633,0.04,0.67020643276582
