id,x,y,z,vx,vy,vz,radius,mass
0,0.5,0.5,0.098558576856844,0,0,-1.9581510841229,0.04,0.67020643276582
