id,x,y,z,vx,vy,vz,radius,mass
0,0.5,0.5,0.043248045065526,0,0,-1.7958125915793,0.04,0.67020643276582
