id,x,y,z,vx,vy,vz,radius,mass
0,0.5,0.5,0.34256744943121,0,0,-2.3068411612634,0.04,0.67020643276582
