id,x,y,z,vx,vy,vz,radius,mass
0,0.5,0.5,0.17380382922346,0,0,-0.81481259157943,0.04,0.67020643276582
