id,x,y,z,vx,vy,vz,radius,mass
0,0.5,0.5,0.062808808304853,0,0,-3.2878411612638,0.04,0.67020643276582
