id,x,y,z,vx,vy,vz,radius,mass
0,0.5,0.5,0.60778473168389,0,0,-0.34484116126348,0.04,0.67020643276582
