id,x,y,z,vx,vy,vz,radius,mass
0,0.5,0.5,0.57826791112072,0,0,-0.83534116126344,0.04,0.67020643276582
