id,x,y,z,vx,vy,vz,radius,mass
0,0.5,0.5,0.071005789618333,0,0,1.6376874084204,0.04,0.67020643276582
