id,x,y,z,vx,vy,vz,radius,mass
0,0.5,0.5,0.4806020139366,0,0,1.6171588387364,0.04,0.67020643276582
