id,x,y,z,vx,vy,vz,radius,mass
0,0.5,0.5,0.42097271763519,0,0,-0.099555159930065,0.04,0.67020643276582
