id,x,y,z,vx,vy,vz,radius,mass
0,0.5,0.5,0.59324337281024,0,0,0.63615883873652,0.04,0.67020643276582
