id,x,y,z,vx,vy,vz,radius,mass
0,0.5,0.5,0.28159516038759,0,0,0.49434891587696,0.04,0.67020643276582
