id,x,y,z,vx,vy,vz,radius,mass
0,0.5,0.5,0.52422609055755,0,0,-1.3258411612634,0.04,0.67020643276582
