id,x,y,z,vx,vy,vz,radius,mass
0,0.5,0.5,0.097117110506062,0,0,1.9658489158768,0.04,0.67020643276582
