id,x,y,z,vx,vy,vz,radius,mass
0,0.5,0.5,0.61277655224707,0,0,0.14565883873653,0.04,0.67020643276582
