id,x,y,z,vx,vy,vz,radius,mass
0,0.5,0.5,0.29403784368144,0,0,0.0038489158769544,0.04,0.67020643276582
