id,x,y,z,vx,vy,vz,radius,mass
0,0.5,0.5,0.38190275862819,0,0,0.8814448400699,0.04,0.67020643276582
