id,x,y,z,vx,vy,vz,radius,mass
0,0.5,0.5,0.38749383449978,0,0,2.1076588387364,0.04,0.67020643276582
