id,x,y,z,vx,vy,vz,radius,mass
0,0.5,0.5,0.26986065506295,0,0,2.5981588387366,0.04,0.67020643276582
