id,x,y,z,vx,vy,vz,radius,mass
0,0.5,0.5,0.18421589356299,0,0,-1.4676510841229,0.04,0.67020643276582
