id,x,y,z,vx,vy,vz,radius,mass
0,0.5,0.5,0.24534821026914,0,0,-0.977151084123,0.04,0.67020643276582
