id,x,y,z,vx,vy,vz,radius,mass
0,0.5,0.5,0.2990516625,0,0,-3.4335000000003,0.04,0.67020643276582
