id,x,y,z,vx,vy,vz,radius,mass
0,0.5,0.5,0.24473279962121,0,0,1.8624448400698,0.04,0.67020643276582
