id,x,y,z,vx,vy,vz,radius,mass
0,0.5,0.5,0.20625961338141,0,0,0.16618740842055,0.04,0.67020643276582
