id,x,y,z,vx,vy,vz,radius,mass
0,0.5,0.5,0.1831347937999,0,0,1.4753489158769,0.04,0.67020643276582
