id,x,y,z,vx,vy,vz,radius,mass
0,0.5,0.5,0.12078843714449,0,0,-1.3053125915794,0.04,0.67020643276582
