id,x,y,z,vx,vy,vz,radius,mass
0,0.5,0.5,0.40372019713868,0,0,-0.59005515993006,0.04,0.67020643276582
