id,x,y,z,vx,vy,vz,radius,mass
0,0.5,0.5,0.36194267664218,0,0,-1.08055515993,0.04,0.67020643276582
