id,x,y,z,vx,vy,vz,radius,mass
0,0.5,0.5,0.13936032011772,0,0,2.3529448400699,0.04,0.67020643276582
