id,x,y,z,vx,vy,vz,radius,mass
0,0.5,0.5,0.21495062886804,0,0,-2.7973411612636,0.04,0.67020643276582
