id,x,y,z,vx,vy,vz,radius,mass
0,0.5,0.5,0.089460115152685,0,0,-2.5520551599301,0.04,0.67020643276582
