id,x,y,z,vx,vy,vz,radius,mass
0,0.5,0.5,0.14061539753936,0,0,1.1471874084205,0.04,0.67020643276582
