id,x,y,z,vx,vy,vz,radius,mass
0,0.5,0.5,0.3255802791247,0,0,1.3719448400698,0.04,0.67020643276582
