id,x,y,z,vx,vy,vz,radius,mass
0,0.5,0.5,0.20229422130244,0,0,-0.32431259157946,0.04,0.67020643276582
