id,x,y,z,vx,vy,vz,radius,mass
0,0.5,0.5,0.54918519337342,0,0,1.1266588387365,0.04,0.67020643276582
