id,x,y,z,vx,vy,vz,radius,mass
0,0.5,0.5,0.18821576116409,0,0,1.505177397111,0.04,0.67020643276582
