id,x,y,z,vx,vy,vz,radius,mass
0,0.5,0.5,0.38214698566894,0,0,-0.50619850956436,0.04,0.67020643276582
