id,x,y,z,vx,vy,vz,radius,mass
0,0.5,0.5,0.54779076561641,0,0,-1.6226445704539,0.04,0.67020643276582
