id,x,y,z,vx,vy,vz,radius,mass
0,0.5,0.5,0.38860196944764,0,0,1.5974249599905,0.04,0.67020643276582
