id,x,y,z,vx,vy,vz,radius,mass
0,0.5,0.5,0.25119986851964,0,0,1.014677397111,0.04,0.67020643276582
