id,x,y,z,vx,vy,vz,radius,mass
0,0.5,0.5,0.19399479254831,0,0,-3.0941445704543,0.04,0.67020643276582
