id,x,y,z,vx,vy,vz,radius,mass
0,0.5,0.5,0.084658233756079,0,0,-2.4681985095644,0.04,0.67020643276582
