id,x,y,z,vx,vy,vz,radius,mass
0,0.5,0.5,0.41214669379803,0,0,2.3013554295459,0.04,0.67020643276582
