id,x,y,z,vx,vy,vz,radius,mass
0,0.5,0.5,0.48133439694529,0,0,-0.85507504000932,0.04,0.67020643276582
