id,x,y,z,vx,vy,vz,radius,mass
0,0.5,0.5,0.51183791144576,0,0,-0.36457504000936,0.04,0.67020643276582
