id,x,y,z,vx,vy,vz,radius,mass
0,0.5,0.5,0.51493970277532,0,0,1.8108554295458,0.04,0.67020643276582
