id,x,y,z,vx,vy,vz,radius,mass
0,0.5,0.5,0.28245260971251,0,0,-1.4871985095643,0.04,0.67020643276582
