id,x,y,z,vx,vy,vz,radius,mass
0,0.5,0.5,0.51781642594623,0,0,0.12592495999064,0.04,0.67020643276582
