id,x,y,z,vx,vy,vz,radius,mass
0,0.5,0.5,0.10070665380854,0,0,1.9956773971109,0.04,0.67020643276582
