id,x,y,z,vx,vy,vz,radius,mass
0,0.5,0.5,0.45619845494717,0,0,1.1069249599906,0.04,0.67020643276582
