id,x,y,z,vx,vy,vz,radius,mass
0,0.5,0.5,0.66102974766181,0,0,-0.64164457045401,0.04,0.67020643276582
