id,x,y,z,vx,vy,vz,radius,mass
0,0.5,0.5,0.42630588244483,0,0,-1.3455750400093,0.04,0.67020643276582
