id,x,y,z,vx,vy,vz,radius,mass
0,0.5,0.5,0.11407033894343,0,0,-2.8170750400095,0.04,0.67020643276582
