id,x,y,z,vx,vy,vz,radius,mass
0,0.5,0.5,0.68086173868451,0,0,-0.15114457045402,0.04,0.67020643276582
