id,x,y,z,vx,vy,vz,radius,mass
0,0.5,0.5,0.59320771175262,0,0,1.3203554295459,0.04,0.67020643276582
