id,x,y,z,vx,vy,vz,radius,mass
0,0.5,0.5,0.34675236794437,0,0,-1.8360750400092,0.04,0.67020643276582
