id,x,y,z,vx,vy,vz,radius,mass
0,0.5,0.5,0.34775104960359,0,0,0.9653014904356,0.04,0.67020643276582
