id,x,y,z,vx,vy,vz,radius,mass
0,0.5,0.5,0.19581792173429,0,0,-1.9776985095642,0.04,0.67020643276582
