id,x,y,z,vx,vy,vz,radius,mass
0,0.5,0.5,0.092630113538259,0,0,2.4368014904356,0.04,0.67020643276582
