id,x,y,z,vx,vy,vz,radius,mass
0,0.5,0.5,0.64695072072991,0,0,0.82985542954595,0.04,0.67020643276582
