id,x,y,z,vx,vy,vz,radius,mass
0,0.5,0.5,0.33645178357102,0,0,-2.6036445704541,0.04,0.67020643276582
