id,x,y,z,vx,vy,vz,radius,mass
0,0.5,0.5,0.67616872970721,0,0,0.33935542954598,0.04,0.67020643276582
