id,x,y,z,vx,vy,vz,radius,mass
0,0.5,0.5,0.13298567584342,0,0,3.2823554295463,0.04,0.67020643276582
