id,x,y,z,vx,vy,vz,radius,mass
0,0.5,0.5,0.34456229769072,0,0,-0.99669850956431,0.04,0.67020643276582
