id,x,y,z,vx,vy,vz,radius,mass
0,0.5,0.5,0.28482868482073,0,0,2.7918554295461,0.04,0.67020643276582
