id,x,y,z,vx,vy,vz,radius,mass
0,0.5,0.5,0.39520667364715,0,0,-0.01569850956436,0.04,0.67020643276582
