id,x,y,z,vx,vy,vz,radius,mass
0,0.5,0.5,0.17983399844858,0,0,2.5784249599907,0.04,0.67020643276582
