id,x,y,z,vx,vy,vz,radius,mass
0,0.5,0.5,0.28965897587519,0,0,0.52417739711108,0.04,0.67020643276582
