id,x,y,z,vx,vy,vz,radius,mass
0,0.5,0.5,0.4992699404467,0,0,0.61642495999064,0.04,0.67020643276582
