id,x,y,z,vx,vy,vz,radius,mass
0,0.5,0.5,0.45438377459372,0,0,-2.1131445704539,0.04,0.67020643276582
