id,x,y,z,vx,vy,vz,radius,mass
0,0.5,0.5,0.28723573758181,0,0,1.4558014904355,0.04,0.67020643276582
