id,x,y,z,vx,vy,vz,radius,mass
0,0.5,0.5,0.038671630622056,0,0,2.965249578223,0.04,0.67020643276582
