id,x,y,z,vx,vy,vz,radius,mass
0,0.5,0.5,0.2426738534439,0,0,-2.3265750400093,0.04,0.67020643276582
