id,x,y,z,vx,vy,vz,radius,mass
0,0.5,0.5,0.29648048394811,0,0,2.0879249599905,0.04,0.67020643276582
