id,x,y,z,vx,vy,vz,radius,mass
0,0.5,0.5,0.046119230443646,0,0,-0.30577837741653,0.04,0.67020643276582
