id,x,y,z,vx,vy,vz,radius,mass
0,0.5,0.5,0.29853130958787,0,0,-0.81432883861728,0.04,0.67020643276582
