id,x,y,z,vx,vy,vz,radius,mass
0,0.5,0.5,0.049157911814472,0,0,0.18472162258347,0.04,0.67020643276582
