id,x,y,z,vx,vy,vz,radius,mass
0,0.5,0.5,0.040738275524047,0,0,-0.077537411154913,0.04,0.67020643276582
