id,x,y,z,vx,vy,vz,radius,mass
0,0.5,0.5,0.32699751401873,0,0,-0.32382883861731,0.04,0.67020643276582
