id,x,y,z,vx,vy,vz,radius,mass
0,0.5,0.5,0.0390704265705,0,0,-0.91139461220865,0.04,0.67020643276582
