id,x,y,z,vx,vy,vz,radius,mass
0,0.5,0.5,0.039983563187236,0,0,-3.0795358389085e-14,0.04,0.67020643276582
