id,x,y,z,vx,vy,vz,radius,mass
0,0.5,0.5,0.06688320225248,0,0,0.34783068689593,0.04,0.67020643276582
