id,x,y,z,vx,vy,vz,radius,mass
0,0.5,0.5,0.12282275832459,0,0,0.56159583385649,0.04,0.67020643276582
