id,x,y,z,vx,vy,vz,radius,mass
0,0.5,0.5,0.3309387184496,0,0,0.16667116138269,0.04,0.67020643276582
