id,x,y,z,vx,vy,vz,radius,mass
0,0.5,0.5,0.13862778751742,0,0,0.071095833856496,0.04,0.67020643276582
