id,x,y,z,vx,vy,vz,radius,mass
0,0.5,0.5,0.09666284590307,0,0,-0.90990416614347,0.04,0.67020643276582
