id,x,y,z,vx,vy,vz,radius,mass
0,0.5,0.5,0.245540105157,0,0,-1.3048288386172,0.04,0.67020643276582
