id,x,y,z,vx,vy,vz,radius,mass
0,0.5,0.5,0.1956123317422,0,0,1.6381711613826,0.04,0.67020643276582
