id,x,y,z,vx,vy,vz,radius,mass
0,0.5,0.5,0.071999974097276,0,0,-0.14266931310408,0.04,0.67020643276582
