id,x,y,z,vx,vy,vz,radius,mass
0,0.5,0.5,0.039983563187237,0,0,8.2098985225389e-13,0.04,0.67020643276582
