id,x,y,z,vx,vy,vz,radius,mass
0,0.5,0.5,0.31035492288046,0,0,0.65717116138268,0.04,0.67020643276582
