id,x,y,z,vx,vy,vz,radius,mass
0,0.5,0.5,0.10145353617307,0,0,2.1286711613826,0.04,0.67020643276582
