id,x,y,z,vx,vy,vz,radius,mass
0,0.5,0.5,0.082492729131771,0,0,1.0520958338564,0.04,0.67020643276582
