id,x,y,z,vx,vy,vz,radius,mass
0,0.5,0.5,0.043391483520274,0,0,-0.032564182983052,0.04,0.67020643276582
