id,x,y,z,vx,vy,vz,radius,mass
0,0.5,0.5,0.26524612731133,0,0,1.1476711613826,0.04,0.67020643276582
