id,x,y,z,vx,vy,vz,radius,mass
0,0.5,0.5,0.052591745942073,0,0,-0.63316931310407,0.04,0.67020643276582
