id,x,y,z,vx,vy,vz,radius,mass
0,0.5,0.5,0.065982696295283,0,0,-2.2858288386173,0.04,0.67020643276582
