id,x,y,z,vx,vy,vz,radius,mass
0,0.5,0.5,0.03998356318718,0,0,1.6914010069814e-09,0.04,0.67020643276582
