id,x,y,z,vx,vy,vz,radius,mass
0,0.5,0.5,0.03997874114643,0,0,0.0049864855127061,0.04,0.67020643276582
