id,x,y,z,vx,vy,vz,radius,mass
0,0.5,0.5,0.16802390072614,0,0,-1.7953288386172,0.04,0.67020643276582
