id,x,y,z,vx,vy,vz,radius,mass
0,0.5,0.5,1.7735047500001,0,0,-4.905,0.03,0.28274333882308
