id,x,y,z,vx,vy,vz,radius,mass
0,0.5,0.5,2.0501761800001,0,0,-4.3163999999998,0.03,0.28274333882308
