id,x,y,z,vx,vy,vz,radius,mass
0,0.5,0.5,2.29153161,0,0,-3.7277999999997,0.03,0.28274333882308
