id,x,y,z,vx,vy,vz,radius,mass
0,0.5,0.5,1.8696525600001,0,0,-4.7087999999999,0.03,0.28274333882308
