id,x,y,z,vx,vy,vz,radius,mass
0,0.5,0.5,2.61531066,0,0,-2.7467999999998,0.03,0.28274333882308
