id,x,y,z,vx,vy,vz,radius,mass
0,0.5,0.5,2.2150038,0,0,-3.9239999999997,0.03,0.28274333882308
