id,x,y,z,vx,vy,vz,radius,mass
0,0.5,0.5,2.49757104,0,0,-3.1391999999998,0.03,0.28274333882308
