id,x,y,z,vx,vy,vz,radius,mass
0,0.5,0.5,2.99802819,0,0,-0.1962,0.03,0.28274333882308
