id,x,y,z,vx,vy,vz,radius,mass
0,0.5,0.5,1.2339057,0,0,-5.8860000000004,0.03,0.28274333882308
