id,x,y,z,vx,vy,vz,radius,mass
0,0.5,0.5,2.71735428,0,0,-2.3543999999999,0.03,0.28274333882308
