id,x,y,z,vx,vy,vz,radius,mass
0,0.5,0.5,2.66829447,0,0,-2.5505999999998,0.03,0.28274333882308
