id,x,y,z,vx,vy,vz,radius,mass
0,0.5,0.5,2.43281523,0,0,-3.3353999999998,0.03,0.28274333882308
