id,x,y,z,vx,vy,vz,radius,mass
0,0.5,0.5,2.99213238,0,0,-0.3924,0.03,0.28274333882308
