id,x,y,z,vx,vy,vz,radius,mass
0,0.5,0.5,2.84098971,0,0,-1.7657999999999,0.03,0.28274333882308
