id,x,y,z,vx,vy,vz,radius,mass
0,0.5,0.5,1.5694371300001,0,0,-5.2974000000002,0.03,0.28274333882308
