id,x,y,z,vx,vy,vz,radius,mass
0,0.5,0.5,2.8037019,0,0,-1.9619999999999,0.03,0.28274333882308
