id,x,y,z,vx,vy,vz,radius,mass
0,0.5,0.5,2.92930914,0,0,-1.1772,0.03,0.28274333882308
