id,x,y,z,vx,vy,vz,radius,mass
0,0.5,0.5,1.46151732,0,0,-5.4936000000002,0.03,0.28274333882308
