id,x,y,z,vx,vy,vz,radius,mass
0,0.5,0.5,2.13455199,0,0,-4.1201999999997,0.03,0.28274333882308
