id,x,y,z,vx,vy,vz,radius,mass
0,0.5,0.5,2.96856876,0,0,-0.78480000000001,0.03,0.28274333882308
