id,x,y,z,vx,vy,vz,radius,mass
0,0.5,0.5,2.76249009,0,0,-2.1581999999999,0.03,0.28274333882308
