id,x,y,z,vx,vy,vz,radius,mass
0,0.5,0.5,2.55840285,0,0,-2.9429999999998,0.03,0.28274333882308
