id,x,y,z,vx,vy,vz,radius,mass
0,0.5,0.5,1.34967351,0,0,-5.6898000000003,0.03,0.28274333882308
