id,x,y,z,vx,vy,vz,radius,mass
0,0.5,0.5,1.6734329400001,0,0,-5.1012000000001,0.03,0.28274333882308
