id,x,y,z,vx,vy,vz,radius,mass
0,0.5,0.5,2.90379333,0,0,-1.3734,0.03,0.28274333882308
