id,x,y,z,vx,vy,vz,radius,mass
0,0.5,0.5,0.57713855261644,0,0,1.1167941167181,0.04,0.67020643276582
