id,x,y,z,vx,vy,vz,radius,mass
0,0.5,0.5,0.58943301293777,0,0,-1.5896007128224,0.04,0.67020643276582
