id,x,y,z,vx,vy,vz,radius,mass
0,0.5,0.5,0.29929372260874,0,0,2.5882941167182,0.04,0.67020643276582
