id,x,y,z,vx,vy,vz,radius,mass
0,0.5,0.5,0.26116484128187,0,0,-3.2626741234437,0.04,0.67020643276582
