id,x,y,z,vx,vy,vz,radius,mass
0,0.5,0.5,0.63425838262416,0,0,-0.35470588328188,0.04,0.67020643276582
