id,x,y,z,vx,vy,vz,radius,mass
0,0.5,0.5,0.53840677862623,0,0,-2.2816741234434,0.04,0.67020643276582
