id,x,y,z,vx,vy,vz,radius,mass
0,0.5,0.5,0.11510189999997,0,0,-3.9240000000005,0.04,0.67020643276582
