id,x,y,z,vx,vy,vz,radius,mass
0,0.5,0.5,0.79859065331491,0,0,-0.31967412344346,0.04,0.67020643276582
