id,x,y,z,vx,vy,vz,radius,mass
0,0.5,0.5,0.45311646534796,0,0,2.6233258765566,0.04,0.67020643276582
