id,x,y,z,vx,vy,vz,radius,mass
0,0.5,0.5,0.30969993402012,0,0,3.1138258765568,0.04,0.67020643276582
