id,x,y,z,vx,vy,vz,radius,mass
0,0.5,0.5,0.085756372609683,0,0,-3.7531741234439,0.04,0.67020643276582
