id,x,y,z,vx,vy,vz,radius,mass
0,0.5,0.5,0.73621605933143,0,0,1.1518258765565,0.04,0.67020643276582
