id,x,y,z,vx,vy,vz,radius,mass
0,0.5,0.5,0.54971326929598,0,0,-1.3357058832818,0.04,0.67020643276582
