id,x,y,z,vx,vy,vz,radius,mass
0,0.5,0.5,0.31160119620791,0,0,2.8248992871776,0.04,0.67020643276582
