id,x,y,z,vx,vy,vz,radius,mass
0,0.5,0.5,0.57200799667578,0,0,2.1328258765564,0.04,0.67020643276582
