id,x,y,z,vx,vy,vz,radius,mass
0,0.5,0.5,0.6402402472984,0,0,-1.7911741234433,0.04,0.67020643276582
