id,x,y,z,vx,vy,vz,radius,mass
0,0.5,0.5,0.63974343928825,0,0,0.13579411671813,0.04,0.67020643276582
