id,x,y,z,vx,vy,vz,radius,mass
0,0.5,0.5,0.71754740736114,0,0,-0.11810071282253,0.04,0.67020643276582
