id,x,y,z,vx,vy,vz,radius,mass
0,0.5,0.5,0.41643366594464,0,0,2.097794116718,0.04,0.67020643276582
