id,x,y,z,vx,vy,vz,radius,mass
0,0.5,0.5,0.6803320036434,0,0,0.86289928717744,0.04,0.67020643276582
