id,x,y,z,vx,vy,vz,radius,mass
0,0.5,0.5,0.71120220550227,0,0,0.37239928717747,0.04,0.67020643276582
