id,x,y,z,vx,vy,vz,radius,mass
0,0.5,0.5,0.38139841665552,0,0,-2.5706007128226,0.04,0.67020643276582
