id,x,y,z,vx,vy,vz,radius,mass
0,0.5,0.5,0.78153259065925,0,0,0.66132587655653,0.04,0.67020643276582
