id,x,y,z,vx,vy,vz,radius,mass
0,0.5,0.5,0.66637452800361,0,0,1.6423258765564,0.04,0.67020643276582
