id,x,y,z,vx,vy,vz,radius,mass
0,0.5,0.5,0.850925475,0,0,-0.98099999999995,0.04,0.67020643276582
