id,x,y,z,vx,vy,vz,radius,mass
0,0.5,0.5,0.77033218464274,0,0,-0.81017412344343,0.04,0.67020643276582
