id,x,y,z,vx,vy,vz,radius,mass
0,0.5,0.5,0.47065321263189,0,0,-1.8262058832817,0.04,0.67020643276582
