id,x,y,z,vx,vy,vz,radius,mass
0,0.5,0.5,0.15810599434903,0,0,3.3153992871778,0.04,0.67020643276582
