id,x,y,z,vx,vy,vz,radius,mass
0,0.5,0.5,0.49767821479665,0,0,-2.0801007128224,0.04,0.67020643276582
