threads,N,box_side,runtime_s,weak_efficiency
1,500,1,0.0381116,1
2,1000,1.25992,0.0830991,0.458628
4,2000,1.5874,0.176114,0.216403
8,4000,2,0.567453,0.0671625
