id,x,y,z,vx,vy,vz,radius,mass
0,0.5,0.5,0.17579726066224,0,0,0.57984244371983,0.04,0.67020643276582
