id,x,y,z,vx,vy,vz,radius,mass
0,0.5,0.5,0.35392047493576,0,0,1.8439282850698,0.04,0.67020643276582
