id,x,y,z,vx,vy,vz,radius,mass
0,0.5,0.5,0.39834703721024,0,0,-1.5895717149299,0.04,0.67020643276582
