id,x,y,z,vx,vy,vz,radius,mass
0,0.5,0.5,0.066021481623625,0,0,-0.13834505703543,0.04,0.67020643276582
