id,x,y,z,vx,vy,vz,radius,mass
0,0.5,0.5,0.087944536679409,0,0,0.082107116755047,0.04,0.67020643276582
