id,x,y,z,vx,vy,vz,radius,mass
0,0.5,0.5,0.19251462034823,0,0,0.089342443719836,0.04,0.67020643276582
