id,x,y,z,vx,vy,vz,radius,mass
0,0.5,0.5,0.31205661176428,0,0,-0.070376321397579,0.04,0.67020643276582
