id,x,y,z,vx,vy,vz,radius,mass
0,0.5,0.5,0.13455490097625,0,0,1.0703424437198,0.04,0.67020643276582
