id,x,y,z,vx,vy,vz,radius,mass
0,0.5,0.5,0.049511992470731,0,0,-3.0610717149303,0.04,0.67020643276582
