id,x,y,z,vx,vy,vz,radius,mass
0,0.5,0.5,0.095516699406214,0,0,-1.3821575562801,0.04,0.67020643276582
