id,x,y,z,vx,vy,vz,radius,mass
0,0.5,0.5,0.12254952332943,0,0,-0.27066196106116,0.04,0.67020643276582
