id,x,y,z,vx,vy,vz,radius,mass
0,0.5,0.5,0.50827873370323,0,0,-0.60857171493004,0.04,0.67020643276582
