id,x,y,z,vx,vy,vz,radius,mass
0,0.5,0.5,0.10173229748478,0,0,-2.0323763213974,0.04,0.67020643276582
