id,x,y,z,vx,vy,vz,radius,mass
0,0.5,0.5,0.30332519033416,0,0,0.42012367860242,0.04,0.67020643276582
