id,x,y,z,vx,vy,vz,radius,mass
0,0.5,0.5,0.047080723354915,0,0,-0.89889288324492,0.04,0.67020643276582
