id,x,y,z,vx,vy,vz,radius,mass
0,0.5,0.5,0.21228734747392,0,0,1.4011236786023,0.04,0.67020643276582
