id,x,y,z,vx,vy,vz,radius,mass
0,0.5,0.5,0.30659368896374,0,0,-2.0800717149299,0.04,0.67020643276582
