id,x,y,z,vx,vy,vz,radius,mass
0,0.5,0.5,0.079775130017162,0,0,-0.40839288324496,0.04,0.67020643276582
