id,x,y,z,vx,vy,vz,radius,mass
0,0.5,0.5,0.7896007125,0,0,-1.4714999999999,0.04,0.67020643276582
