id,x,y,z,vx,vy,vz,radius,mass
0,0.5,0.5,0.060688496975397,0,0,0.35215494296458,0.04,0.67020643276582
