id,x,y,z,vx,vy,vz,radius,mass
0,0.5,0.5,0.24947382318226,0,0,2.3344282850699,0.04,0.67020643276582
