id,x,y,z,vx,vy,vz,radius,mass
0,0.5,0.5,0.12050217142876,0,0,2.8249282850701,0.04,0.67020643276582
