id,x,y,z,vx,vy,vz,radius,mass
0,0.5,0.5,0.046829466271854,0,0,-0.62884505703542,0.04,0.67020643276582
