id,x,y,z,vx,vy,vz,radius,mass
0,0.5,0.5,0.46557538545673,0,0,-1.09907171493,0.04,0.67020643276582
