id,x,y,z,vx,vy,vz,radius,mass
0,0.5,0.5,0.04640880222332,0,0,-1.2516619610611,0.04,0.67020643276582
