id,x,y,z,vx,vy,vz,radius,mass
0,0.5,0.5,0.48923877844274,0,0,0.86292828506992,0.04,0.67020643276582
