id,x,y,z,vx,vy,vz,radius,mass
0,0.5,0.5,0.52011043019624,0,0,0.37242828506996,0.04,0.67020643276582
