id,x,y,z,vx,vy,vz,radius,mass
0,0.5,0.5,0.071588943341657,0,0,0.57260711675504,0.04,0.67020643276582
