id,x,y,z,vx,vy,vz,radius,mass
0,0.5,0.5,0.068787541290264,0,0,1.5608424437197,0.04,0.67020643276582
