id,x,y,z,vx,vy,vz,radius,mass
0,0.5,0.5,0.096741662776375,0,0,-0.76116196106114,0.04,0.67020643276582
