id,x,y,z,vx,vy,vz,radius,mass
0,0.5,0.5,0.12383238388249,0,0,0.21983803893884,0.04,0.67020643276582
