id,x,y,z,vx,vy,vz,radius,mass
0,0.5,0.5,0.19031534071724,0,0,-2.5705717149301,0.04,0.67020643276582
