id,x,y,z,vx,vy,vz,radius,mass
0,0.5,0.5,0.27006876890404,0,0,0.91062367860238,0.04,0.67020643276582
