id,x,y,z,vx,vy,vz,radius,mass
0,0.5,0.5,0.12998092604381,0,0,1.8916236786023,0.04,0.67020643276582
