id,x,y,z,vx,vy,vz,radius,mass
0,0.5,0.5,0.10059024443555,0,0,0.71033803893882,0.04,0.67020643276582
