id,x,y,z,vx,vy,vz,radius,mass
0,0.5,0.5,0.25594445462453,0,0,-1.0513763213975,0.04,0.67020643276582
