id,x,y,z,vx,vy,vz,radius,mass
0,0.5,0.5,0.052823104988609,0,0,1.2008380389388,0.04,0.67020643276582
