id,x,y,z,vx,vy,vz,radius,mass
0,0.5,0.5,0.15237433972022,0,0,-0.89165755628013,0.04,0.67020643276582
