id,x,y,z,vx,vy,vz,radius,mass
0,0.5,0.5,0.18470698003423,0,0,-0.40115755628017,0.04,0.67020643276582
