id,x,y,z,vx,vy,vz,radius,mass
0,0.5,0.5,0.19110087605465,0,0,-1.5418763213975,0.04,0.67020643276582
