id,x,y,z,vx,vy,vz,radius,mass
0,0.5,0.5,0.50904860928054,0,0,1.607294116718,0.04,0.67020643276582
