id,x,y,z,vx,vy,vz,radius,mass
0,0.5,0.5,0.71754871597057,0,0,-1.3006741234434,0.04,0.67020643276582
