id,x,y,z,vx,vy,vz,radius,mass
0,0.5,0.5,0.41204830995406,0,0,-2.7721741234436,0.04,0.67020643276582
