id,x,y,z,vx,vy,vz,radius,mass
0,0.5,0.5,0.15762877927282,0,0,3.0787941167184,0.04,0.67020643276582
