id,x,y,z,vx,vy,vz,radius,mass
0,0.5,0.5,0.24059361851439,0,0,-3.0611007128228,0.04,0.67020643276582
