id,x,y,z,vx,vy,vz,radius,mass
0,0.5,0.5,0.80232412198708,0,0,0.17082587655655,0.04,0.67020643276582
