id,x,y,z,vx,vy,vz,radius,mass
0,0.5,0.5,0.60424832596007,0,0,-0.84520588328184,0.04,0.67020643276582
