id,x,y,z,vx,vy,vz,radius,mass
0,0.5,0.5,0.14175840269228,0,0,3.604325876557,0.04,0.67020643276582
