id,x,y,z,vx,vy,vz,radius,mass
0,0.5,0.5,0.44057139806679,0,0,2.3343992871774,0.04,0.67020643276582
