id,x,y,z,vx,vy,vz,radius,mass
0,0.5,0.5,0.70375095000001,0,0,-1.9619999999999,0.04,0.67020643276582
