id,x,y,z,vx,vy,vz,radius,mass
0,0.5,0.5,0.07526382037325,0,0,-3.5516007128229,0.04,0.67020643276582
