id,x,y,z,vx,vy,vz,radius,mass
0,0.5,0.5,0.69936760922002,0,0,-0.60860071282252,0.04,0.67020643276582
