id,x,y,z,vx,vy,vz,radius,mass
0,0.5,0.5,0.65666281107889,0,0,-1.0991007128225,0.04,0.67020643276582
